ALL RMSDS COMPARED TO ORIGINAL CRYSTAL STRUCTURE !!! ,,,,,,,,,
,,,,,,,,,
Pre-MD / Post-docking versus original,,,Post-MD versus original,,,,,,
PDB ID,LigRMSd,Valuation,PDB ID ,LigRMSD,Valuation,Transition,Delta RMSD,Delta RMSD Average: ,"2,01"
1AJQ,"0,16",gut,1AJQ,"0,34",gut,gut→gut,"0,18",,
1B8O,"2,46",gut,1B8O,"2,95",mittel,gut→mittel,"0,49",,
1ELB,"5,45",schlecht,1ELB,"3,75",mittel,schlecht→mittel,"1,70",,
1FTM,"0,84",gut,1FTM,"1,2",gut,gut→gut,"0,36",,gut--> gut avrg
1H1Q,"0,99",gut,1H1Q,"1,84",gut,gut→gut,"0,85",,
1IF7,"2,69",mittel,1IF7,"1,7",gut,mittel→gut,"0,99",,
1MQ6,"1,26",gut,1MQ6,"1,26",gut,gut→gut,"0,00",,
1N2V,"2,70",mittel,1N2V,"3,04",mittel,mittel→mittel,"0,34",,
1NDZ,"8,43",schlecht,1NDZ,"4,89",schlecht,schlecht→schlecht,"3,54",,
1PBQ,"0,30",gut,1PBQ,"1,09",gut,gut→gut,"0,79",,
1S39,"0,31",gut,1S39,"1,44",gut,gut→gut,"1,13",,
1SQA,"1,06",gut,1SQA,"1,91",gut,gut→gut,"0,85",,
1UTP,"2,17",gut,1UTP,"5,04",schlecht,gut→schlecht,"2,87",,
1ZOE,"5,79",schlecht,1ZOE,"3,31",mittel,schlecht→mittel,"2,48",,
1ZVX,"0,72",gut,1ZVX,"1,52",gut,gut→gut,"0,80",,
2AYR,"0,56",gut,2AYR,"1,76",gut,gut→gut,"1,20",,
2B7D,"1,51",gut,2B7D,"2,1",gut,gut→gut,"0,59",,
2CET,"0,80",gut,2CET,"1,36",gut,gut→gut,"0,56",,
2D3U,"1,01",gut,2D3U,"1,07",gut,gut→gut,"0,06",,
2I0D,"5,75",schlecht,2I0D,"6,88",schlecht,schlecht→schlecht,"1,13",,
2QWE,"0,69",gut,2QWE,"2,06",gut,gut→gut,"1,37",,
2XBV,"0,72",gut,2XBV,"1,12",gut,gut→gut,"0,40",,
2XBX,"0,94",gut,2XBX,"2,08",gut,gut→gut,"1,14",,
2XBY,"5,66",schlecht,2XBY,"5,88",schlecht,schlecht→schlecht,"0,22",,
2XC0,"0,86",gut,2XC0,"0,93",gut,gut→gut,"0,07",,
2XC4,"0,80",gut,2XC4,"2,56",mittel,gut→mittel,"1,76",,
2XC5,"1,00",gut,2XC5,"1,15",gut,gut→gut,"0,15",,
3FLY,"0,27",gut,3FLY,"1,77",gut,gut→gut,"1,50",,
3HQW,"0,24",gut,3HQW,"1,57",gut,gut→gut,"1,33",,
3HQY,"0,27",gut,3HQY,"1,39",gut,gut→gut,"1,12",,
3HR1,"0,70",gut,3HR1,"1,45",gut,gut→gut,"0,75",,
3KRJ,"1,03",gut,3KRJ,"2,47",gut,gut→gut,"1,44",,
3MNR,"0,39",gut,3MNR,"2,63",mittel,gut→mittel,"2,24",,
3ZZE,"2,58",mittel,3ZZE,"3,27",mittel,mittel→mittel,"0,69",,
4AOI,"0,15",gut,4AOI,"1,21",gut,gut→gut,"1,06",,
4AP7,"0,42",gut,4AP7,"0,53",gut,gut→gut,"0,11",,
5AJR,"3,73",,5AJR,"4,04",schlecht,→schlecht,"0,31",,
5HLS,"0,34",gut,5HLS,"0,55",gut,gut→gut,"0,21",,
5HM0,"0,38",gut,5HM0,"1,41",gut,gut→gut,"1,03",,
5QCK,"0,31",gut,5QCK,"1,13",gut,gut→gut,"0,82",,
5QCL,"0,58",gut,5QCL,"1,6",gut,gut→gut,"1,02",,
5QCM,"3,06",mittel,5QCM,"3,16",mittel,mittel→mittel,"0,10",,
5QCN,"4,20",schlecht,5QCN,"3,25",mittel,schlecht→mittel,"0,95",,
5QQO,"3,61",mittel,5QQO,"5,7",schlecht,mittel→schlecht,"2,09",,
5QQP,"2,50",gut,5QQP,"6,57",schlecht,gut→schlecht,"4,07",,
5QTU,"0,27",gut,5QTU,"0,76",gut,gut→gut,"0,49",,
5QTY,"0,26",gut,5QTY,"0,74",gut,gut→gut,"0,48",,
5TQ3,"0,19",gut,5TQ3,"1,34",gut,gut→gut,"1,15",,
5TQ4,"0,82",gut,5TQ4,"0,53",gut,gut→gut,"0,29",,
5TQ5,"0,93",gut,5TQ5,"0,71",gut,gut→gut,"0,22",,
5TQ6,"4,10",schlecht,5TQ6,"4,2",schlecht,schlecht→schlecht,"0,10",,
5TQ7,"2,67",mittel,5TQ7,"2,59",mittel,mittel→mittel,"0,08",,
5TQ8,"2,76",mittel,5TQ8,"2,2",gut,mittel→gut,"0,56",,
5UIR,"0,16",gut,5UIR,"1,16",gut,gut→gut,"1,00",,
5UIS,"5,50",schlecht,5UIS,"1,05",gut,schlecht→gut,"4,45",,
5UIT,"4,54",schlecht,5UIT,"4,38",schlecht,schlecht→schlecht,"0,16",,
5UIU,"4,26",schlecht,5UIU,"1,97",gut,schlecht→gut,"2,29",,
5V8Q,"0,20",gut,5V8Q,"0,72",gut,gut→gut,"0,52",,
5VP0,"7,86",schlecht,5VP0,"7,96",schlecht,schlecht→schlecht,"0,10",,
5VP1,"6,18",schlecht,5VP1,"3,38",mittel,schlecht→mittel,"2,80",,
6BBV,"0,47",gut,6BBV,"1,54",gut,gut→gut,"1,07",,
6C0S,"5,94",schlecht,6C0S,"6,52",schlecht,schlecht→schlecht,"0,58",,
6E3Z,"0,93",gut,6E3Z,"1,12",gut,gut→gut,"0,19",,
6ENQ,"0,41",gut,6ENQ,"18,38",schlecht,gut→schlecht,"17,97",,
6H6R,"4,23",schlecht,6H6R,"1,37",gut,schlecht→gut,"2,86",,
6IWI,"0,77",gut,6IWI,"23,5",schlecht,gut→schlecht,"22,73",,
6JZ0,"3,13",mittel,6JZ0,"5,61",schlecht,mittel→schlecht,"2,48",,
6O3I,"6,62",schlecht,6O3I,2,gut,schlecht→gut,"4,62",,
6RLN,"0,30",gut,6RLN,"20,95",schlecht,gut→schlecht,"20,65",,
6W35,"3,00",mittel,6W35,"3,44",mittel,mittel→mittel,"0,44",,
6W50,"1,86",gut,6W50,"1,85",gut,gut→gut,"0,01",,
6ZGC,"0,88",gut,6ZGC,"22,14",schlecht,gut→schlecht,"21,26",,
7M7V,"0,48",gut,7M7V,"1,86",gut,gut→gut,"1,38",,
7MBO,"0,27",gut,7MBO,"0,46",gut,gut→gut,"0,19",,
7N5R,"0,31",gut,7N5R,"1,65",gut,gut→gut,"1,34",,
7N91,"6,86",schlecht,7N91,"1,37",gut,schlecht→gut,"5,49",,
7N93,"1,87",gut,7N93,"2,1",gut,gut→gut,"0,23",,
7NQQ,"0,19",gut,7NQQ,"1,65",gut,gut→gut,"1,46",,
7NQW,"1,61",gut,7NQW,"1,89",gut,gut→gut,"0,28",,
7NR3,"0,64",gut,7NR3,"1,29",gut,gut→gut,"0,65",,
7NR5,"0,54",gut,7NR5,"0,93",gut,gut→gut,"0,39",,
7NR8,"4,17",schlecht,7NR8,"4,65",schlecht,schlecht→schlecht,"0,48",,
7NR9,"5,77",schlecht,7NR9,"1,81",gut,schlecht→gut,"3,96",,
7QJG,"0,59",gut,7QJG,"1,96",gut,gut→gut,"1,37",,
7QJU,"0,46",gut,7QJU,"1,51",gut,gut→gut,"1,05",,
7QK4,"0,24",gut,7QK4,"0,6",gut,gut→gut,"0,36",,
7QPF,"8,97",schlecht,7QPF,"2,2",gut,schlecht→gut,"6,77",,
7QPM,"9,87",schlecht,7QPM,"9,72",schlecht,schlecht→schlecht,"0,15",,
7QPQ,"2,14",gut,7QPQ,"1,26",gut,gut→gut,"0,88",,
7QPV,"0,52",gut,7QPV,"1,22",gut,gut→gut,"0,70",,
7QQ4,"0,36",gut,7QQ4,"1,2",gut,gut→gut,"0,84",,
8HTR,"5,54",schlecht,8HTR,"5,1",schlecht,schlecht→schlecht,"0,44",,
8HTS,"4,38",schlecht,8HTS,"4,48",schlecht,schlecht→schlecht,"0,10",,
,,,,,,→,0,,
1ELB,"5,45",schlecht,1ELB,"3,77",mittel,schlecht→mittel,"1,68",,
1FTM,"4,37",schlecht,1FTM,"6,2",schlecht,schlecht→schlecht,"1,83",,
1H1Q,"5,31",schlecht,1H1Q,"5,43",schlecht,schlecht→schlecht,"0,12",,
1IF7,"5,78",schlecht,1IF7,"3,02",mittel,schlecht→mittel,"2,76",,
1MQ6,"6,59",schlecht,1MQ6,"6,83",schlecht,schlecht→schlecht,"0,24",,
1N2V,"3,09",mittel,1N2V,"2,58",mittel,mittel→mittel,"0,51",,
1NDZ,"8,43",schlecht,1NDZ,"5,4",schlecht,schlecht→schlecht,"3,03",,
1PBQ,"5,65",schlecht,1PBQ,"3,45",mittel,schlecht→mittel,"2,20",,
1S39,"4,94",schlecht,1S39,"8,38",schlecht,schlecht→schlecht,"3,44",,
1SQA,"10,00",schlecht,1SQA,"7,28",schlecht,schlecht→schlecht,"2,72",,
1ZOE,"5,79",schlecht,1ZOE,"3,24",mittel,schlecht→mittel,"2,55",,
1ZVX,"5,69",schlecht,1ZVX,"5,06",schlecht,schlecht→schlecht,"0,63",,
2AYR,"6,43",schlecht,2AYR,"6,61",schlecht,schlecht→schlecht,"0,18",,
2B7D,"3,21",mittel,2B7D,"18,51",schlecht,mittel→schlecht,"15,30",,
2D3U,"4,78",schlecht,2D3U,"3,19",mittel,schlecht→mittel,"1,59",,
2I0D,"5,75",schlecht,2I0D,"6,66",schlecht,schlecht→schlecht,"0,91",,
2XBV,"4,96",schlecht,2XBV,"1,54",gut,schlecht→gut,"3,42",,
2XBX,"6,21",schlecht,2XBX,"7,18",schlecht,schlecht→schlecht,"0,97",,
2XBY,"5,66",schlecht,2XBY,"2,07",gut,schlecht→gut,"3,59",,
2XC0,"4,39",schlecht,2XC0,"3,67",mittel,schlecht→mittel,"0,72",,
2XC4,"6,06",schlecht,2XC4,"4,77",schlecht,schlecht→schlecht,"1,29",,
2XC5,"8,60",schlecht,2XC5,"6,98",schlecht,schlecht→schlecht,"1,62",,
3FLY,"8,37",schlecht,3FLY,"5,74",schlecht,schlecht→schlecht,"2,63",,
3HQW,"5,35",schlecht,3HQW,"5,52",schlecht,schlecht→schlecht,"0,17",,
3HQY,"6,49",schlecht,3HQY,"5,11",schlecht,schlecht→schlecht,"1,38",,
3HR1,"4,75",schlecht,3HR1,"3,73",mittel,schlecht→mittel,"1,02",,
3KRJ,"8,33",schlecht,3KRJ,"8,5",schlecht,schlecht→schlecht,"0,17",,
3MNR,"7,28",schlecht,3MNR,"4,78",schlecht,schlecht→schlecht,"2,50",,
3ZZE,"8,02",schlecht,3ZZE,"2,76",mittel,schlecht→mittel,"5,26",,
4AOI,"5,49",schlecht,4AOI,"6,55",schlecht,schlecht→schlecht,"1,06",,
4AP7,"6,64",schlecht,4AP7,"6,5",schlecht,schlecht→schlecht,"0,14",,
5AJR,"3,42",mittel,5AJR,"3,75",mittel,mittel→mittel,"0,33",,
5HLS,"6,77",schlecht,5HLS,"5,64",schlecht,schlecht→schlecht,"1,13",,
5HM0,"6,73",schlecht,5HM0,"5,52",schlecht,schlecht→schlecht,"1,21",,
5QCK,"7,33",schlecht,5QCK,"3,77",mittel,schlecht→mittel,"3,56",,
5QCL,"7,16",schlecht,5QCL,"7,39",schlecht,schlecht→schlecht,"0,23",,
5QCM,"3,04",mittel,5QCM,"3,45",mittel,mittel→mittel,"0,41",,
5QCN,"3,17",mittel,5QCN,"3,4",mittel,mittel→mittel,"0,23",,
5QQO,"3,61",mittel,5QQO,"2,13",gut,mittel→gut,"1,48",,
5QQP,"5,72",schlecht,5QQP,"3,06",mittel,schlecht→mittel,"2,66",,
5QTY,"5,44",schlecht,5QTY,"5,66",schlecht,schlecht→schlecht,"0,22",,
5TQ3,"3,04",mittel,5TQ3,"6,76",schlecht,mittel→schlecht,"3,72",,
5TQ4,"7,37",schlecht,5TQ4,"7,28",schlecht,schlecht→schlecht,"0,09",,
5TQ5,"9,80",schlecht,5TQ5,"10,98",schlecht,schlecht→schlecht,"1,18",,
5TQ6,"6,47",schlecht,5TQ6,"3,01",mittel,schlecht→mittel,"3,46",,
5TQ7,"3,11",mittel,5TQ7,"2,72",mittel,mittel→mittel,"0,39",,
5TQ8,"3,58",mittel,5TQ8,"2,12",gut,mittel→gut,"1,46",,
5UIR,"5,98",schlecht,5UIR,"4,53",schlecht,schlecht→schlecht,"1,45",,
5UIS,"5,50",schlecht,5UIS,"5,25",schlecht,schlecht→schlecht,"0,25",,
5UIT,"6,13",schlecht,5UIT,"4,58",schlecht,schlecht→schlecht,"1,55",,
5UIU,"4,43",schlecht,5UIU,"4,36",schlecht,schlecht→schlecht,"0,07",,
5V8Q,"6,25",schlecht,5V8Q,"6,2",schlecht,schlecht→schlecht,"0,05",,
5VP0,"7,86",schlecht,5VP0,"5,56",schlecht,schlecht→schlecht,"2,30",,
5VP1,"6,18",schlecht,5VP1,"6,24",schlecht,schlecht→schlecht,"0,06",,
6BBV,"4,74",schlecht,6BBV,"3,21",mittel,schlecht→mittel,"1,53",,
6C0S,"5,94",schlecht,6C0S,"4,34",schlecht,schlecht→schlecht,"1,60",,
6E3Z,"4,13",schlecht,6E3Z,"4,81",schlecht,schlecht→schlecht,"0,68",,
6ENQ,"7,81",schlecht,6ENQ,"16,53",schlecht,schlecht→schlecht,"8,72",,
6H6R,"4,23",schlecht,6H6R,"3,74",mittel,schlecht→mittel,"0,49",,
6IWI,"8,96",schlecht,6IWI,"26,21",schlecht,schlecht→schlecht,"17,25",,
6JZ0,"3,13",mittel,6JZ0,"9,01",schlecht,mittel→schlecht,"5,88",,
6O3I,"6,62",schlecht,6O3I,"3,72",mittel,schlecht→mittel,"2,90",,
6RLN,"9,53",schlecht,6RLN,"19,52",schlecht,schlecht→schlecht,"9,99",,
6W35,"3,00",mittel,6W35,"2,65",mittel,mittel→mittel,"0,35",,
6W50,"5,19",schlecht,6W50,"5,46",schlecht,schlecht→schlecht,"0,27",,
6ZGC,"5,75",schlecht,6ZGC,"18,09",schlecht,schlecht→schlecht,"12,34",,
7M7V,"7,90",schlecht,7M7V,"7,81",schlecht,schlecht→schlecht,"0,09",,
7N5R,"4,07",schlecht,7N5R,"3,83",mittel,schlecht→mittel,"0,24",,
7N91,"7,40",schlecht,7N91,"7,71",schlecht,schlecht→schlecht,"0,31",,
7N93,"7,53",schlecht,7N93,"5,49",schlecht,schlecht→schlecht,"2,04",,
7NQQ,"11,69",schlecht,7NQQ,"12,01",schlecht,schlecht→schlecht,"0,32",,
7NQW,"4,67",schlecht,7NQW,"4,87",schlecht,schlecht→schlecht,"0,20",,
7NR3,"4,41",schlecht,7NR3,"4,65",schlecht,schlecht→schlecht,"0,24",,
7NR5,"5,38",schlecht,7NR5,"6,04",schlecht,schlecht→schlecht,"0,66",,
7NR8,"4,17",schlecht,7NR8,"4,83",schlecht,schlecht→schlecht,"0,66",,
7NR9,"5,77",schlecht,7NR9,"4,58",schlecht,schlecht→schlecht,"1,19",,
7QJG,"8,66",schlecht,7QJG,"7,98",schlecht,schlecht→schlecht,"0,68",,
7QJU,"8,28",schlecht,7QJU,"8,45",schlecht,schlecht→schlecht,"0,17",,
7QK4,"5,77",schlecht,7QK4,"6,62",schlecht,schlecht→schlecht,"0,85",,
7QPF,"8,97",schlecht,7QPF,"2,53",mittel,schlecht→mittel,"6,44",,
7QPM,"9,66",schlecht,7QPM,"5,95",schlecht,schlecht→schlecht,"3,71",,
7QPQ,"9,32",schlecht,7QPQ,"3,89",mittel,schlecht→mittel,"5,43",,
7QPV,"5,64",schlecht,7QPV,"2,64",mittel,schlecht→mittel,"3,00",,
7QQ4,"9,26",schlecht,7QQ4,"5,93",schlecht,schlecht→schlecht,"3,33",,
8HTR,"5,79",schlecht,8HTR,"5,27",schlecht,schlecht→schlecht,"0,52",,
8HTS,"4,38",schlecht,8HTS,"3,99",mittel,schlecht→mittel,"0,39",,
,,,,,,→,,,
1S64,"1,26",gut,1S64,"0,95",gut,gut→gut,"0,31",,
2XBV,"0,72",gut,2XBV,"1,30",gut,gut→gut,"0,58",,
2XBX,"0,94",gut,2XBX,"1,50",gut,gut→gut,"0,56",,
2XBY,"5,66",schlecht,2XBY,"1,17",gut,schlecht→gut,"4,49",,
2XC0,"0,86",gut,2XC0,"1,14",gut,gut→gut,"0,28",,
2XC4,"0,80",gut,2XC4,"1,30",gut,gut→gut,"0,50",,
2XC5,"1,00",gut,2XC5,"1,05",gut,gut→gut,"0,05",,
3HQW,"0,24",gut,3HQW,"0,65",gut,gut→gut,"0,41",,
3HQY,"0,27",gut,3HQY,"0,49",gut,gut→gut,"0,22",,
3HR1,"0,70",gut,3HR1,"0,96",gut,gut→gut,"0,26",,
3MNR,"0,39",gut,3MNR,"1,05",gut,gut→gut,"0,66",,
3ZZE,"2,58",mittel,3ZZE,"1,73",gut,mittel→gut,"0,85",,
3ZXZ,"1,31",gut,3ZXZ,"0,86",gut,gut→gut,"0,45",,
4AOI,"0,15",gut,4AOI,"2,03",gut,gut→gut,"1,88",,
4AP7,"0,42",gut,4AP7,"0,46",gut,gut→gut,"0,04",,
4C66,"0,60",gut,4C66,"1,09",gut,gut→gut,"0,49",,
5AJR,"3,73",mittel,5AJR,"1,33",gut,mittel→gut,"2,40",,
5HLS,"0,34",gut,5HLS,"0,64",gut,gut→gut,"0,30",,
5HM0,"0,38",gut,5HM0,"0,61",gut,gut→gut,"0,23",,
5QCK,"0,31",gut,5QCK,"1,03",gut,gut→gut,"0,72",,
5QCL,"0,58",gut,5QCL,"4,34",schlecht,gut→schlecht,"3,76",,
5QCM,"3,06",mittel,5QCM,"3,57",mittel,mittel→mittel,"0,51",,
5QCN,"4,20",schlecht,5QCN,"1,66",gut,schlecht→gut,"2,54",,
5QQO,"3,61",mittel,5QQO,"0,69",gut,mittel→gut,"2,92",,
5QTY,"0,26",gut,5QTY,"0,64",gut,gut→gut,"0,38",,
5QTU,"0,27",gut,5QTU,"0,46",gut,gut→gut,"0,19",,
5TQ3,"0,19",gut,5TQ3,"1,42",gut,gut→gut,"1,23",,
5TQ4,"0,82",gut,5TQ4,"0,35",gut,gut→gut,"0,47",,
5TQ5,"0,93",gut,5TQ5,"1,16",gut,gut→gut,"0,23",,
5TQ6,"4,10",schlecht,5TQ6,"1,04",gut,schlecht→gut,"3,06",,
5TQ7,"2,67",mittel,5TQ7,"1,13",gut,mittel→gut,"1,54",,
5TQ8,"2,76",mittel,5TQ8,"1,73",gut,mittel→gut,"1,03",,
5UIR,"0,16",gut,5UIR,"8,71",schlecht,gut→schlecht,"8,55",,
5UIS,"5,50",schlecht,5UIS,"0,75",gut,schlecht→gut,"4,75",,
5UIT,"4,54",schlecht,5UIT,"0,81",gut,schlecht→gut,"3,73",,
5UIU,"4,26",schlecht,5UIU,"0,51",gut,schlecht→gut,"3,75",,
5VP0,"7,86",schlecht,5VP0,"1,66",gut,schlecht→gut,"6,20",,
5VP1,"6,18",schlecht,5VP1,"1,76",gut,schlecht→gut,"4,42",,
5V8Q,"0,20",gut,5V8Q,"0,94",gut,gut→gut,"0,74",,
6BBV,"0,47",gut,6BBV,"1,26",gut,gut→gut,"0,79",,
6C0S,"5,94",schlecht,6C0S,"0,42",gut,schlecht→gut,"5,52",,
6E3Z,"0,93",gut,6E3Z,"0,93",gut,gut→gut,"0,00",,
6H6R,"4,23",schlecht,6H6R,"0,85",gut,schlecht→gut,"3,38",,
6IWI,"0,77",gut,6IWI,"3,66",mittel,gut→mittel,"2,89",,
6O3I,"6,62",schlecht,6O3I,"1,84",gut,schlecht→gut,"4,78",,
6W35,"3,00",mittel,6W35,"1,13",gut,mittel→gut,"1,87",,
6W50,"1,86",gut,6W50,"0,71",gut,gut→gut,"1,15",,
7MBO,"0,27",gut,7MBO,"0,76",gut,gut→gut,"0,49",,
7N5R,"0,31",gut,7N5R,"0,99",gut,gut→gut,"0,68",,
7N66,"0,22",gut,7N66,"1,04",gut,gut→gut,"0,82",,
7N91,"6,86",schlecht,7N91,"1,05",gut,schlecht→gut,"5,81",,
7N93,"1,87",gut,7N93,"1,23",gut,gut→gut,"0,64",,
7NQQ,"0,19",gut,7NQQ,"1,24",gut,gut→gut,"1,05",,
7NQW,"1,61",gut,7NQW,"0,64",gut,gut→gut,"0,97",,
7NR3,"0,64",gut,7NR3,"1,16",gut,gut→gut,"0,52",,
7NR5,"0,54",gut,7NR5,"0,67",gut,gut→gut,"0,13",,
7NR8,"4,17",schlecht,7NR8,"0,66",gut,schlecht→gut,"3,51",,
7NR9,"5,77",schlecht,7NR9,"1,06",gut,schlecht→gut,"4,71",,
7QJG,"0,59",gut,7QJG,"1,78",gut,gut→gut,"1,19",,
7QJU,"0,46",gut,7QJU,"0,90",gut,gut→gut,"0,44",,
7QK4,"0,24",gut,7QK4,"0,77",gut,gut→gut,"0,53",,
7QPF,"8,97",schlecht,7QPF,"0,56",gut,schlecht→gut,"8,41",,
7QPM,"9,87",schlecht,7QPM,"0,98",gut,schlecht→gut,"8,89",,
7QPQ,"2,14",gut,7QPQ,"1,65",gut,gut→gut,"0,49",,
7QPV,"0,52",gut,7QPV,"0,46",gut,gut→gut,"0,06",,
7QQ4,"0,36",gut,7QQ4,"1,18",gut,gut→gut,"0,82",,
8HTR,"5,54",schlecht,8HTR,"0,70",gut,schlecht→gut,"4,84",,
8HTS,"4,38",schlecht,8HTS,"1,24",gut,schlecht→gut,"3,14",,
1AJQ,"0,16",gut,1AJQ,"0,74",gut,gut→gut,"0,58",,
1B8O,"2,46",gut,1B8O,"2,36",gut,gut→gut,"0,10",,
1ELB,"5,45",schlecht,1ELB,"3,21",gut,schlecht→gut,"2,24",,
1FTM,"0,84",gut,1FTM,"1,42",gut,gut→gut,"0,58",,
1IF7,"2,69",mittel,1IF7,"2,10",gut,mittel→gut,"0,59",,
1MQ6,"1,26",gut,1MQ6,"1,39",gut,gut→gut,"0,13",,
1N2V,"2,70",mittel,1N2V,"0,99",gut,mittel→gut,"1,71",,
1NDZ,"8,43",schlecht,1NDZ,"1,92",gut,schlecht→gut,"6,51",,
1PBQ,"0,30",gut,1PBQ,"1,77",gut,gut→gut,"1,47",,
1S39,"0,31",gut,1S39,"1,31",gut,gut→gut,"1,00",,
1SQA,"1,06",gut,1SQA,"1,76",gut,gut→gut,"0,70",,
1UTP,"2,17",gut,1UTP,"3,63",mittel,gut→mittel,"1,46",,
1ZOE,"5,79",schlecht,1ZOE,"3,13",mittel,schlecht→mittel,"2,66",,
1ZVX,"0,72",gut,1ZVX,"0,85",gut,gut→gut,"0,13",,
2AYR,"0,56",gut,2AYR,"1,03",gut,gut→gut,"0,47",,
2BZ6,"0,31",gut,2BZ6,"5,67",schlecht,gut→schlecht,"5,36",,
2CET,"0,80",gut,2CET,"2,41",gut,gut→gut,"1,61",,
2D3U,"1,01",gut,2D3U,"0,84",gut,gut→gut,"0,17",,
2I0D,"5,75",schlecht,2I0D,"1,10",gut,schlecht→gut,"4,65",,
2QBS,"4,94",schlecht,2QBS,"2,29",gut,schlecht→gut,"2,65",,
2QWE,"0,69",gut,2QWE,"0,78",gut,gut→gut,"0,09",,
3FLY,"0,27",gut,3FLY,"1,86",gut,gut→gut,"1,59",,
,,,,,,,,,
,,,,,,,,,
,,,,,,,,,
,,,,,,,,,
,,,,,Count Transitions,,%,,
,,,,,,0,#DIV/0!,,
,,,,,,0,#DIV/0!,,
,,,,,schlecht >4A,0,#DIV/0!,,
,,,,,"mitttel <4,>2.5A",0,#DIV/0!,,
,,,,,gut >2.5A,0,#DIV/0!,,
,,,,,,0,#DIV/0!,,
,,,,,,0,#DIV/0!,,
,,,,,,0,#DIV/0!,,
,,,,,,0,#DIV/0!,,
,,,,,,0,,,
,,,,,,,,,
,,,,,,,,,
,,,,,,,,,
,,,,,Wie oft wechseln die Mittelguten ihre Gruppe ? (n=29),,"58,62%",,
,,,,,Wie oft wechseln die schlechten ihre gruppe ? (n=120),,"42,31%",,
,,,,,Wie oft wechseln die guten ihre gruppe ? (n=119),,"11,76%",,
,,,,,,,,,
,,,,,,,,,
,,,,,,Fazit: die mittelguten posen wechseln am öftesten ihre Gruppen (58%),,,
,,,,,,"--> Heisst die Hälfte der mittelguten Posen, wo man sich nicht sicher ist",,,
,,,,,,Kann man folglich in gut oder schlecht aufsplitten !!!!,,,
,,,,,,,,,
,,,,,,,,,
,,,,,"(Viele von den ""schlechten Posen"" waren Korrekte Dockingposen nach der Equilibrieirung die nur kurz aus der Tasche gerutscht sind)",,,,